number,episode name
101,The One Where Monica Gets A Roommate
102,The One With The Sonogram At The End
103,The One With The Thumb
104,The One With George Stephanopoulos
105,TOWThe East German Laundry Detergent
106,The One With The Butt
107,The One With The Blackout
108,The One Where Nana Dies Twice
109,The One Where Underdog Gets Away
110,The One With The Monkey
111,The One With Mrs. Bing
112,The One With The Dozen Lasagnas
113,The One With The Boobies
114,The One With The Candy Hearts
115,The One With The Stoned Guy
116,"The One With The Two Parts, Part I"
117,"The One With The Two Parts, Part II"
118,The One With All The Poker
119,The One Where The Monkey Gets Away
120,The One With The Evil Orthodontist
121,The One With The Fake Monica
122,The One With The Ick Factor
123,The One With The Birth
124,The One Where Rachel Finds Out
201,The One With Ross's New Girlfriend
202,The One With The Breast Milk
203,The One Where Heckles Dies
204,The One With Phoebe's Husband
205,The One With Five Steaks And An Eggplant
206,The One With The Baby On The Bus
207,The One Where Ross Finds Out
208,The One With The List
209,The One With Phoebe's Dad
210,The One With Russ
211,The One With The Lesbian Wedding
212- 213,The One After The Superbowl
214,The One With The Prom Video
215,TOW Ross And Rachel... You Know
216,The One Where Joey Moves Out
217,The One Where Eddie Moves In
218,The One Where Dr. Ramoray Dies
219,The One Where Eddie Won't Go
220,The One Where Old Yeller Dies
221,The One With The Bullies
222,The One With The Two Parties
223,The One With The Chicken Pox
224,The One With Barry And Mindy's Wedding
301,The One With The Princess Leia Fantasy
302,The One Where No One's Ready
303,The One With The Jam
304,The One With The Metaphorical Tunnel
305,The One With Frank Jr.
306,The One With The Flashback
307,The One With The Race Car Bed
308,The One With The Giant Poking Device
309,The One With The Football
310,The One Where Rachel Quits
311,TOW Chandler Can't Remember Which Sister
312,The One With All The Jealousy
313,TOW Monica And Richard Are Just Friends
314,The One With Phoebe's Ex-Partner
315,TOW Ross And Rachel Take A Break
316,The One The Morning After
317,The One Without The Ski Trip
318,The One With The Hypnosis Tape
319,The One With The Tiny T-Shirt
320,The One With The Dollhouse
321,The One With The Chick And The Duck
322,The One With The Screamer
323,The One With Ross's Thing
324,TOW The Ultimate Fighting Champion
325,The One At The Beach
401,The One With The Jellyfish
402,The One With The Cat
403,The One With The Cuffs
404,The One With The Ballroom Dancing
405,The One With Joey's New Girlfriend
406,The One With The Dirty Girl
407,The One Where Chandler Crosses The Line
408,The One With Chandler In A Box
409,The One Where They're Going To Party
410,The One With The Girl From Poughkeepsie
411,The One With Phoebe's Uterus
412,The One With The Embryos
413,The One With Rachel's Crush
414,The One With Joey's Dirty Day
415,The One With All The Rugby
416,The One With The Fake Party
417,The One With The Free Porn
418,The One With Rachel's New Dress
419,The One With All The Haste
420,The One With The Wedding Dresses
421,The One With The Invitation
422,The One With The Worst Best Man Ever
423,The One With Ross's Wedding
501,The One After Ross Says Rachel
502,The One With All The Kissing
503,The One Hundredth
504,The One Where Phoebe Hates PBS
505,The One With The Kips
506,The One With The Yeti
507,The One Where Ross Moves In
508,The One With The Thanksgiving Flashbacks
509,The One With Ross's Sandwich
510,The One With The Inappropriate Sister
511,The One With All The Resolutions
512,The One With Chandler's Work Laugh
513,The One With Joey's Bag
514,The One Where Everybody Finds Out
515,The One With The Girl Who Hits Joey
516,The One With The Cop
517,The One With Rachel's Inadvertant Kiss
518,The One Where Rachel Smokes
519,The One Where Ross Can't Flirt
520,The One With The Ride Along
521,The One With The Ball
522,The One With Joey's Big Break
523,The One In Vegas
601,The One After Vegas
602,The One Where Ross Hugs Rachel
603,The One With Ross's Denial
604,The One Where Joey Loses His Insurance
605,The One With Joey's Porsche
606,The One On The Last Night
607,The One Where Phoebe Runs
608,The One With Ross's Teeth
609,The One Where Ross Got High
610,The One With The Routine
611,The One With The Apothecary Table
612,The One With The Joke
613,The One With Rachel's Sister
614,The One Where Chandler Can't Cry
615,The One That Could Have Been
617,The One With Unagi
618,The One Where Ross Dates A Student
619,The One With Joey's Fridge
620,The One With Mac And C.H.E.E.S.E.
621,The One Where Ross Meets Elizabeth's Dad
622,The One Where Paul's The Man
623,The One With The Ring
624,The One With The Proposal
701,The One With Monica's Thunder
702,The One With Rachel's Book
703,The One With Phoebe's Cookies
704,The One With Rachel's Assistant
705,The One With The Engagement Picture
706,The One With The Nap Partners
707,The One With Ross's Library Book
708,The One Where Chandler Doesn't Like Dogs
709,The One With All The Candy
710,The One With The Holiday Armadillo
711,The One With All The Cheesecakes
712,The One Where They're Up All Night
713,The One Where Rosita Dies
714,The One Where They All Turn Thirty
715,The One With Joey's New Brain
716,The One With The Truth About London
717,The One With The Cheap Wedding Dress
718,The One With Joey's Award
719,The One With Ross And Monica's Cousin
720,The One With Rachel's Big Kiss
721,The One With The Vows
722,The One With Chandler's Dad
723,TOW Chandler And Monica's Wedding
801,"The One After ""I Do"""
802,The One With The Red Sweater
803,The One Where Rachel Tells...
804,The One With The Videotape
805,The One With Rachel's Date
806,The One With The Halloween Party
807,The One With The Stain
808,The One With The Stripper
809,The One With The Rumor
810,The One With Monica's Boots
811,The One With Ross's Step Forward
812,The One Where Joey Dates Rachel
813,The One Where Chandler Takes A Bath
814,The One With The Secret Closet
815,The One With The Birthing Video
816,The One Where Joey Tells Rachel
817,The One With The Tea Leaves
818,The One In Massapequa
819,The One With Joey's Interview
820,The One With The Baby Shower
821,The One With The Cooking Class
822,The One Where Rachel Is Late
823,The One Where Rachel Has A Baby